data/images/aruno1.jpg," ""Arduino Uno"
data/images/aruno2.jpg," ""Arduino Uno"
data/images/aruno3.jpg," ""Arduino Uno"
data/images/aruno4.jpg," ""Arduino Uno"
data/images/aruno5.jpg," ""Arduino Uno"
data/images/aruno6.jpg," ""Arduino Uno"
data/images/aruno7.jpg," ""Arduino Uno"
data/images/aruno8.jpg," ""Arduino Uno"
data/images/aruno9.jpg," ""Arduino Uno"
data/images/aruno10.jpg," ""Arduino Uno"
data/images/aruno11.jpg," ""Arduino Uno"
data/images/aruno12.jpg," ""Arduino Uno"
data/images/aruno13.jpg," ""Arduino Uno"
data/images/aruno14.jpg," ""Arduino Uno"
data/images/aruno15.jpg," ""Arduino Uno"
data/images/aruno16.jpg," ""Arduino Uno"
data/images/aruno17.jpg," ""Arduino Uno"
data/images/aruno18.jpg," ""Arduino Uno"
data/images/aruno19.jpg," ""Arduino Uno"
data/images/aruno20.jpg," ""Arduino Uno"
data/images/ble1.jpg," ""Arduino Nano BLE Sense"
data/images/ble2.jpg," ""Arduino Nano BLE Sense"
data/images/ble3.jpg," ""Arduino Nano BLE Sense"
data/images/ble4.jpg," ""Arduino Nano BLE Sense"
data/images/ble5.jpg," ""Arduino Nano BLE Sense"
data/images/ble6.jpg," ""Arduino Nano BLE Sense"
data/images/ble7.jpg," ""Arduino Nano BLE Sense"
data/images/ble8.jpg," ""Arduino Nano BLE Sense"
data/images/ble9.jpg," ""Arduino Nano BLE Sense"
data/images/ble10.jpg," ""Arduino Nano BLE Sense"
data/images/ble11.jpg," ""Arduino Nano BLE Sense"
data/images/ble12.jpg," ""Arduino Nano BLE Sense"
data/images/ble13.jpg," ""Arduino Nano BLE Sense"
data/images/ble14.jpg," ""Arduino Nano BLE Sense"
data/images/ble15.jpg," ""Arduino Nano BLE Sense"
data/images/ble16.jpg," ""Arduino Nano BLE Sense"
data/images/ble17.jpg," ""Arduino Nano BLE Sense"
data/images/ble18.jpg," ""Arduino Nano BLE Sense"
data/images/ble19.jpg," ""Arduino Nano BLE Sense"
data/images/ble20.jpg," ""Arduino Nano BLE Sense"
data/images/ble21.jpg," ""Arduino Nano BLE Sense"
data/images/esp1.jpg," ""ESP 32"
data/images/esp2.jpg," ""ESP 32"
data/images/esp3.jpg," ""ESP 32"
data/images/esp4.jpg," ""ESP 32"
data/images/esp5.jpg," ""ESP 32"
data/images/esp6.jpg," ""ESP 32"
data/images/esp7.jpg," ""ESP 32"
data/images/esp8.jpg," ""ESP 32"
data/images/esp9.jpg," ""ESP 32"
data/images/esp10.jpg," ""ESP 32"
data/images/esp11.jpg," ""ESP 32"
data/images/esp12.jpg," ""ESP 32"
data/images/esp13.jpg," ""ESP 32"
data/images/esp14.jpg," ""ESP 32"
data/images/esp15.jpg," ""ESP 32"
data/images/esp16.jpg," ""ESP 32"
data/images/esp17.jpg," ""ESP 32"
data/images/esp18.jpg," ""ESP 32"
data/images/esp19.jpg," ""ESP 32"
data/images/jet1.jpg," ""Nvidia Jetson Nano"
data/images/jet2.jpg," ""Nvidia Jetson Nano"
data/images/jet3.jpg," ""Nvidia Jetson Nano"
data/images/jet4.jpg," ""Nvidia Jetson Nano"
data/images/jet5.jpg," ""Nvidia Jetson Nano"
data/images/jet6.jpg," ""Nvidia Jetson Nano"
data/images/jet7.jpg," ""Nvidia Jetson Nano"
data/images/jet8.jpg," ""Nvidia Jetson Nano"
data/images/jet9.jpg," ""Nvidia Jetson Nano"
data/images/jet10.jpg," ""Nvidia Jetson Nano"
data/images/jet11.jpg," ""Nvidia Jetson Nano"
data/images/jet12.jpg," ""Nvidia Jetson Nano"
data/images/jet13.jpg," ""Nvidia Jetson Nano"
data/images/jet14.jpg," ""Nvidia Jetson Nano"
data/images/jet15.jpg," ""Nvidia Jetson Nano"
data/images/jet16.jpg," ""Nvidia Jetson Nano"
data/images/jet17.jpg," ""Nvidia Jetson Nano"
data/images/jet18.jpg," ""Nvidia Jetson Nano"
data/images/jet19.jpg," ""Nvidia Jetson Nano"
data/images/jet20.jpg," ""Nvidia Jetson Nano"
data/images/ras1.jpg," ""Raspberry Pi"
data/images/ras2.jpg," ""Raspberry Pi"
data/images/ras3.jpg," ""Raspberry Pi"
data/images/ras4.jpg," ""Raspberry Pi"
data/images/ras5.jpg," ""Raspberry Pi"
data/images/ras6.jpg," ""Raspberry Pi"
data/images/ras7.jpg," ""Raspberry Pi"
data/images/ras8.jpg," ""Raspberry Pi"
data/images/ras9.jpg," ""Raspberry Pi"
data/images/ras10.jpg," ""Raspberry Pi"
data/images/ras11.jpg," ""Raspberry Pi"
data/images/ras12.jpg," ""Raspberry Pi"
data/images/ras13.jpg," ""Raspberry Pi"
data/images/ras14.jpg," ""Raspberry Pi"
data/images/ras15.jpg," ""Raspberry Pi"
data/images/ras16.jpg," ""Raspberry Pi"
data/images/ras17.jpg," ""Raspberry Pi"
data/images/ras18.jpg," ""Raspberry Pi"
data/images/stm1.jpg," ""STM32 Nucleo"
data/images/stm2.jpg," ""STM32 Nucleo"
data/images/stm3.jpg," ""STM32 Nucleo"
data/images/stm4.jpg," ""STM32 Nucleo"
data/images/stm5.jpg," ""STM32 Nucleo"
data/images/stm6.jpg," ""STM32 Nucleo"
data/images/stm7.jpg," ""STM32 Nucleo"
data/images/stm8.jpg," ""STM32 Nucleo"
data/images/stm9.jpg," ""STM32 Nucleo"
data/images/stm10.jpg," ""STM32 Nucleo"
data/images/stm11.jpg," ""STM32 Nucleo"
data/images/stm12.jpg," ""STM32 Nucleo"
data/images/stm13.jpg," ""STM32 Nucleo"
data/images/stm14.jpg," ""STM32 Nucleo"
data/images/stm15.jpg," ""STM32 Nucleo"
data/images/stm16.jpg," ""STM32 Nucleo"
